"","Market_Cap","Beta","PE_Ratio","ROE","ROA","Asset_Turnover","Leverage","Rev_Growth","Net_Profit_Margin"
"1",0.673382507042067,-0.358641901696269,-0.27635121681329,0.656597825742022,0.834415886861968,0.461265604014442,-0.333106776283067,-0.290216298650889,0.682331043788311
"2",-0.740720757746273,0.394506091865895,0.303986338494619,-0.722257608316225,-0.917857475548165,-0.507392164415887,0.366417453911374,0.319237928515978,-0.750564148167144
