,Market_Cap,Beta,PE_Ratio,ROE,ROA,Asset_Turnover,Leverage,Rev_Growth,Net_Profit_Margin
1,144.944,0.422,22.1,39.12,16.4,0.86,0.188,14.288,20.14
2,30.3725,0.558125,26.5125,21.63125,8.675,0.65,0.71,13.084375,14.30625
